file,line,type,commit,author,date,time,timezone,datetime,depth,length
style.css,1,css,ae35f730,YadushanUCSD,2026-04-03,13:23:00,-07:00,2026-04-03T13:23:00-07:00,0,4
style.css,2,css,ae35f730,YadushanUCSD,2026-04-03,13:23:00,-07:00,2026-04-03T13:23:00-07:00,2,23
style.css,3,css,013df9d9,YadushanUCSD,2026-04-10,17:57:19,-07:00,2026-04-10T17:57:19-07:00,2,15
style.css,4,css,013df9d9,YadushanUCSD,2026-04-10,17:57:19,-07:00,2026-04-10T17:57:19-07:00,2,42
style.css,5,css,8ef61063,YadushanUCSD,2026-04-10,19:55:21,-07:00,2026-04-10T19:55:21-07:00,0,0
style.css,6,css,8ef61063,YadushanUCSD,2026-04-10,19:55:21,-07:00,2026-04-10T19:55:21-07:00,0,3
style.css,7,css,d4446786,YadushanUCSD,2026-04-17,17:30:20,-07:00,2026-04-17T17:30:20-07:00,2,18
style.css,8,css,8ef61063,YadushanUCSD,2026-04-10,19:55:21,-07:00,2026-04-10T19:55:21-07:00,2,12
style.css,9,css,d4446786,YadushanUCSD,2026-04-17,17:30:20,-07:00,2026-04-17T17:30:20-07:00,2,7
style.css,10,css,8ef61063,YadushanUCSD,2026-04-10,19:55:21,-07:00,2026-04-10T19:55:21-07:00,2,18
style.css,11,css,8ef61063,YadushanUCSD,2026-04-10,19:55:21,-07:00,2026-04-10T19:55:21-07:00,2,41
style.css,12,css,85025111,YadushanUCSD,2026-04-17,15:42:30,-07:00,2026-04-17T15:42:30-07:00,2,39
style.css,13,css,8ef61063,YadushanUCSD,2026-04-10,19:55:21,-07:00,2026-04-10T19:55:21-07:00,0,0
style.css,14,css,8ef61063,YadushanUCSD,2026-04-10,19:55:21,-07:00,2026-04-10T19:55:21-07:00,0,14
style.css,15,css,8ef61063,YadushanUCSD,2026-04-10,19:55:21,-07:00,2026-04-10T19:55:21-07:00,2,16
style.css,16,css,8ef61063,YadushanUCSD,2026-04-10,19:55:21,-07:00,2026-04-10T19:55:21-07:00,0,0
style.css,17,css,8ef61063,YadushanUCSD,2026-04-10,19:55:21,-07:00,2026-04-10T19:55:21-07:00,0,5
style.css,18,css,8ef61063,YadushanUCSD,2026-04-10,19:55:21,-07:00,2026-04-10T19:55:21-07:00,2,6
style.css,19,css,8ef61063,YadushanUCSD,2026-04-10,19:55:21,-07:00,2026-04-10T19:55:21-07:00,2,20
style.css,20,css,8ef61063,YadushanUCSD,2026-04-10,19:55:21,-07:00,2026-04-10T19:55:21-07:00,2,13
style.css,21,css,8ef61063,YadushanUCSD,2026-04-10,19:55:21,-07:00,2026-04-10T19:55:21-07:00,2,17
style.css,22,css,8ef61063,YadushanUCSD,2026-04-10,19:55:21,-07:00,2026-04-10T19:55:21-07:00,2,13
style.css,23,css,8ef61063,YadushanUCSD,2026-04-10,19:55:21,-07:00,2026-04-10T19:55:21-07:00,2,37
style.css,24,css,8ef61063,YadushanUCSD,2026-04-10,19:55:21,-07:00,2026-04-10T19:55:21-07:00,0,0
style.css,25,css,8ef61063,YadushanUCSD,2026-04-10,19:55:21,-07:00,2026-04-10T19:55:21-07:00,0,11
style.css,26,css,85025111,YadushanUCSD,2026-04-17,15:42:30,-07:00,2026-04-17T15:42:30-07:00,2,39
style.css,27,css,85025111,YadushanUCSD,2026-04-17,15:42:30,-07:00,2026-04-17T15:42:30-07:00,2,69
style.css,28,css,8ef61063,YadushanUCSD,2026-04-10,19:55:21,-07:00,2026-04-10T19:55:21-07:00,1,0
style.css,29,css,8ef61063,YadushanUCSD,2026-04-10,19:55:21,-07:00,2026-04-10T19:55:21-07:00,0,13
style.css,30,css,85025111,YadushanUCSD,2026-04-17,15:42:30,-07:00,2026-04-17T15:42:30-07:00,2,39
style.css,31,css,8ef61063,YadushanUCSD,2026-04-10,19:55:21,-07:00,2026-04-10T19:55:21-07:00,2,25
style.css,32,css,8ef61063,YadushanUCSD,2026-04-10,19:55:21,-07:00,2026-04-10T19:55:21-07:00,2,25
style.css,33,css,8ef61063,YadushanUCSD,2026-04-10,19:55:21,-07:00,2026-04-10T19:55:21-07:00,2,20
style.css,34,css,8ef61063,YadushanUCSD,2026-04-10,19:55:21,-07:00,2026-04-10T19:55:21-07:00,0,0
style.css,35,css,8ef61063,YadushanUCSD,2026-04-10,19:55:21,-07:00,2026-04-10T19:55:21-07:00,0,51
style.css,36,css,8ef61063,YadushanUCSD,2026-04-10,19:55:21,-07:00,2026-04-10T19:55:21-07:00,2,12
style.css,37,css,8ef61063,YadushanUCSD,2026-04-10,19:55:21,-07:00,2026-04-10T19:55:21-07:00,0,0
style.css,38,css,8ef61063,YadushanUCSD,2026-04-10,19:55:21,-07:00,2026-04-10T19:55:21-07:00,0,4
style.css,39,css,8ef61063,YadushanUCSD,2026-04-10,19:55:21,-07:00,2026-04-10T19:55:21-07:00,2,12
style.css,40,css,8ef61063,YadushanUCSD,2026-04-10,19:55:21,-07:00,2026-04-10T19:55:21-07:00,2,30
style.css,41,css,8ef61063,YadushanUCSD,2026-04-10,19:55:21,-07:00,2026-04-10T19:55:21-07:00,2,7
style.css,42,css,8ef61063,YadushanUCSD,2026-04-10,19:55:21,-07:00,2026-04-10T19:55:21-07:00,0,0
style.css,43,css,8ef61063,YadushanUCSD,2026-04-10,19:55:21,-07:00,2026-04-10T19:55:21-07:00,0,10
style.css,44,css,8ef61063,YadushanUCSD,2026-04-10,19:55:21,-07:00,2026-04-10T19:55:21-07:00,2,12
style.css,45,css,8ef61063,YadushanUCSD,2026-04-10,19:55:21,-07:00,2026-04-10T19:55:21-07:00,2,29
style.css,46,css,8ef61063,YadushanUCSD,2026-04-10,19:55:21,-07:00,2026-04-10T19:55:21-07:00,2,18
style.css,47,css,8ef61063,YadushanUCSD,2026-04-10,19:55:21,-07:00,2026-04-10T19:55:21-07:00,0,0
style.css,48,css,8ef61063,YadushanUCSD,2026-04-10,19:55:21,-07:00,2026-04-10T19:55:21-07:00,0,11
style.css,49,css,8ef61063,YadushanUCSD,2026-04-10,19:55:21,-07:00,2026-04-10T19:55:21-07:00,2,18
style.css,50,css,8ef61063,YadushanUCSD,2026-04-10,19:55:21,-07:00,2026-04-10T19:55:21-07:00,0,0
style.css,51,css,8ef61063,YadushanUCSD,2026-04-10,19:55:21,-07:00,2026-04-10T19:55:21-07:00,0,2
style.css,52,css,8ef61063,YadushanUCSD,2026-04-10,19:55:21,-07:00,2026-04-10T19:55:21-07:00,2,14
style.css,53,css,8ef61063,YadushanUCSD,2026-04-10,19:55:21,-07:00,2026-04-10T19:55:21-07:00,0,0
style.css,54,css,8ef61063,YadushanUCSD,2026-04-10,19:55:21,-07:00,2026-04-10T19:55:21-07:00,0,22
style.css,55,css,8ef61063,YadushanUCSD,2026-04-10,19:55:21,-07:00,2026-04-10T19:55:21-07:00,2,15
style.css,56,css,8ef61063,YadushanUCSD,2026-04-10,19:55:21,-07:00,2026-04-10T19:55:21-07:00,2,17
style.css,57,css,8ef61063,YadushanUCSD,2026-04-10,19:55:21,-07:00,2026-04-10T19:55:21-07:00,0,0
style.css,58,css,8ef61063,YadushanUCSD,2026-04-10,19:55:21,-07:00,2026-04-10T19:55:21-07:00,0,10
style.css,59,css,8ef61063,YadushanUCSD,2026-04-10,19:55:21,-07:00,2026-04-10T19:55:21-07:00,2,22
style.css,60,css,8ef61063,YadushanUCSD,2026-04-10,19:55:21,-07:00,2026-04-10T19:55:21-07:00,2,19
style.css,61,css,8ef61063,YadushanUCSD,2026-04-10,19:55:21,-07:00,2026-04-10T19:55:21-07:00,2,0
style.css,62,css,8ef61063,YadushanUCSD,2026-04-10,19:55:21,-07:00,2026-04-10T19:55:21-07:00,2,2
style.css,63,css,8ef61063,YadushanUCSD,2026-04-10,19:55:21,-07:00,2026-04-10T19:55:21-07:00,4,20
style.css,64,css,8ef61063,YadushanUCSD,2026-04-10,19:55:21,-07:00,2026-04-10T19:55:21-07:00,4,15
style.css,65,css,59faba21,YadushanUCSD,2026-04-10,19:15:44,-07:00,2026-04-10T19:15:44-07:00,2,0
style.css,66,css,8ef61063,YadushanUCSD,2026-04-10,19:55:21,-07:00,2026-04-10T19:55:21-07:00,0,0
style.css,67,css,8ef61063,YadushanUCSD,2026-04-10,19:55:21,-07:00,2026-04-10T19:55:21-07:00,0,6
style.css,68,css,8ef61063,YadushanUCSD,2026-04-10,19:55:21,-07:00,2026-04-10T19:55:21-07:00,2,17
style.css,69,css,8ef61063,YadushanUCSD,2026-04-10,19:55:21,-07:00,2026-04-10T19:55:21-07:00,2,18
style.css,70,css,8ef61063,YadushanUCSD,2026-04-10,19:55:21,-07:00,2026-04-10T19:55:21-07:00,2,1
style.css,71,css,8ef61063,YadushanUCSD,2026-04-10,19:55:21,-07:00,2026-04-10T19:55:21-07:00,4,15
style.css,72,css,8ef61063,YadushanUCSD,2026-04-10,19:55:21,-07:00,2026-04-10T19:55:21-07:00,4,24
style.css,73,css,8ef61063,YadushanUCSD,2026-04-10,19:55:21,-07:00,2026-04-10T19:55:21-07:00,4,18
style.css,74,css,439501b1,YadushanUCSD,2026-04-10,19:34:35,-07:00,2026-04-10T19:34:35-07:00,2,0
style.css,75,css,8ef61063,YadushanUCSD,2026-04-10,19:55:21,-07:00,2026-04-10T19:55:21-07:00,0,0
style.css,76,css,8ef61063,YadushanUCSD,2026-04-10,19:55:21,-07:00,2026-04-10T19:55:21-07:00,0,7
style.css,77,css,8ef61063,YadushanUCSD,2026-04-10,19:55:21,-07:00,2026-04-10T19:55:21-07:00,2,20
style.css,78,css,8ef61063,YadushanUCSD,2026-04-10,19:55:21,-07:00,2026-04-10T19:55:21-07:00,2,2
style.css,79,css,8ef61063,YadushanUCSD,2026-04-10,19:55:21,-07:00,2026-04-10T19:55:21-07:00,4,25
style.css,80,css,8ef61063,YadushanUCSD,2026-04-10,19:55:21,-07:00,2026-04-10T19:55:21-07:00,4,21
style.css,81,css,8ef61063,YadushanUCSD,2026-04-10,19:55:21,-07:00,2026-04-10T19:55:21-07:00,4,18
style.css,82,css,439501b1,YadushanUCSD,2026-04-10,19:34:35,-07:00,2026-04-10T19:34:35-07:00,2,0
style.css,83,css,8ef61063,YadushanUCSD,2026-04-10,19:55:21,-07:00,2026-04-10T19:55:21-07:00,0,0
style.css,84,css,439501b1,YadushanUCSD,2026-04-10,19:34:35,-07:00,2026-04-10T19:34:35-07:00,0,5
style.css,85,css,439501b1,YadushanUCSD,2026-04-10,19:34:35,-07:00,2026-04-10T19:34:35-07:00,2,31
style.css,86,css,439501b1,YadushanUCSD,2026-04-10,19:34:35,-07:00,2026-04-10T19:34:35-07:00,0,0
style.css,87,css,439501b1,YadushanUCSD,2026-04-10,19:34:35,-07:00,2026-04-10T19:34:35-07:00,0,4
style.css,88,css,439501b1,YadushanUCSD,2026-04-10,19:34:35,-07:00,2026-04-10T19:34:35-07:00,2,32
style.css,89,css,439501b1,YadushanUCSD,2026-04-10,19:34:35,-07:00,2026-04-10T19:34:35-07:00,0,0
style.css,90,css,439501b1,YadushanUCSD,2026-04-10,19:34:35,-07:00,2026-04-10T19:34:35-07:00,0,9
style.css,91,css,439501b1,YadushanUCSD,2026-04-10,19:34:35,-07:00,2026-04-10T19:34:35-07:00,2,12
style.css,92,css,439501b1,YadushanUCSD,2026-04-10,19:34:35,-07:00,2026-04-10T19:34:35-07:00,2,58
style.css,93,css,439501b1,YadushanUCSD,2026-04-10,19:34:35,-07:00,2026-04-10T19:34:35-07:00,2,7
style.css,94,css,439501b1,YadushanUCSD,2026-04-10,19:34:35,-07:00,2026-04-10T19:34:35-07:00,0,0
style.css,95,css,439501b1,YadushanUCSD,2026-04-10,19:34:35,-07:00,2026-04-10T19:34:35-07:00,0,17
style.css,96,css,8ef61063,YadushanUCSD,2026-04-10,19:55:21,-07:00,2026-04-10T19:55:21-07:00,2,12
style.css,97,css,439501b1,YadushanUCSD,2026-04-10,19:34:35,-07:00,2026-04-10T19:34:35-07:00,2,26
style.css,98,css,439501b1,YadushanUCSD,2026-04-10,19:34:35,-07:00,2026-04-10T19:34:35-07:00,2,15
style.css,99,css,439501b1,YadushanUCSD,2026-04-10,19:34:35,-07:00,2026-04-10T19:34:35-07:00,0,0
style.css,100,css,439501b1,YadushanUCSD,2026-04-10,19:34:35,-07:00,2026-04-10T19:34:35-07:00,0,12
style.css,101,css,439501b1,YadushanUCSD,2026-04-10,19:34:35,-07:00,2026-04-10T19:34:35-07:00,2,8
style.css,102,css,439501b1,YadushanUCSD,2026-04-10,19:34:35,-07:00,2026-04-10T19:34:35-07:00,0,0
style.css,103,css,85025111,YadushanUCSD,2026-04-17,15:42:30,-07:00,2026-04-17T15:42:30-07:00,0,4
style.css,104,css,85025111,YadushanUCSD,2026-04-17,15:42:30,-07:00,2026-04-17T15:42:30-07:00,2,23
style.css,105,css,85025111,YadushanUCSD,2026-04-17,15:42:30,-07:00,2026-04-17T15:42:30-07:00,0,0
style.css,106,css,85025111,YadushanUCSD,2026-04-17,15:42:30,-07:00,2026-04-17T15:42:30-07:00,0,13
style.css,107,css,85025111,YadushanUCSD,2026-04-17,15:42:30,-07:00,2026-04-17T15:42:30-07:00,2,17
style.css,108,css,85025111,YadushanUCSD,2026-04-17,15:42:30,-07:00,2026-04-17T15:42:30-07:00,2,8
style.css,109,css,85025111,YadushanUCSD,2026-04-17,15:42:30,-07:00,2026-04-17T15:42:30-07:00,2,10
style.css,110,css,85025111,YadushanUCSD,2026-04-17,15:42:30,-07:00,2026-04-17T15:42:30-07:00,2,13
style.css,111,css,d4446786,YadushanUCSD,2026-04-17,17:30:20,-07:00,2026-04-17T17:30:20-07:00,2,11
style.css,112,css,85025111,YadushanUCSD,2026-04-17,15:42:30,-07:00,2026-04-17T15:42:30-07:00,0,0
style.css,113,css,85025111,YadushanUCSD,2026-04-17,15:42:30,-07:00,2026-04-17T15:42:30-07:00,0,31
style.css,114,css,85025111,YadushanUCSD,2026-04-17,15:42:30,-07:00,2026-04-17T15:42:30-07:00,2,19
style.css,115,css,85025111,YadushanUCSD,2026-04-17,15:42:30,-07:00,2026-04-17T15:42:30-07:00,1,0
style.css,116,css,224e3081,YadushanUCSD,2026-04-24,13:36:35,-07:00,2026-04-24T13:36:35-07:00,0,0
style.css,117,css,224e3081,YadushanUCSD,2026-04-24,13:36:35,-07:00,2026-04-24T13:36:35-07:00,0,13
style.css,118,css,224e3081,YadushanUCSD,2026-04-24,13:36:35,-07:00,2026-04-24T13:36:35-07:00,2,12
style.css,119,css,224e3081,YadushanUCSD,2026-04-24,13:36:35,-07:00,2026-04-24T13:36:35-07:00,2,36
style.css,120,css,224e3081,YadushanUCSD,2026-04-24,13:36:35,-07:00,2026-04-24T13:36:35-07:00,2,17
style.css,121,css,224e3081,YadushanUCSD,2026-04-24,13:36:35,-07:00,2026-04-24T13:36:35-07:00,2,8
style.css,122,css,224e3081,YadushanUCSD,2026-04-24,13:36:35,-07:00,2026-04-24T13:36:35-07:00,0,0
style.css,123,css,224e3081,YadushanUCSD,2026-04-24,13:36:35,-07:00,2026-04-24T13:36:35-07:00,0,0
style.css,124,css,224e3081,YadushanUCSD,2026-04-24,13:36:35,-07:00,2026-04-24T13:36:35-07:00,0,16
style.css,125,css,224e3081,YadushanUCSD,2026-04-24,13:36:35,-07:00,2026-04-24T13:36:35-07:00,2,10
style.css,126,css,224e3081,YadushanUCSD,2026-04-24,13:36:35,-07:00,2026-04-24T13:36:35-07:00,2,16
style.css,127,css,224e3081,YadushanUCSD,2026-04-24,13:36:35,-07:00,2026-04-24T13:36:35-07:00,0,0
style.css,128,css,224e3081,YadushanUCSD,2026-04-24,13:36:35,-07:00,2026-04-24T13:36:35-07:00,0,0
style.css,129,css,224e3081,YadushanUCSD,2026-04-24,13:36:35,-07:00,2026-04-24T13:36:35-07:00,0,16
style.css,130,css,224e3081,YadushanUCSD,2026-04-24,13:36:35,-07:00,2026-04-24T13:36:35-07:00,2,10
style.css,131,css,224e3081,YadushanUCSD,2026-04-24,13:36:35,-07:00,2026-04-24T13:36:35-07:00,2,8
style.css,132,css,224e3081,YadushanUCSD,2026-04-24,13:36:35,-07:00,2026-04-24T13:36:35-07:00,2,16
style.css,133,css,224e3081,YadushanUCSD,2026-04-24,13:36:35,-07:00,2026-04-24T13:36:35-07:00,0,0
style.css,134,css,a9f4f8f9,YadushanUCSD,2026-05-01,21:28:04,-07:00,2026-05-01T21:28:04-07:00,0,0
style.css,135,css,a9f4f8f9,YadushanUCSD,2026-05-01,21:28:04,-07:00,2026-05-01T21:28:04-07:00,0,7
style.css,136,css,a9f4f8f9,YadushanUCSD,2026-05-01,21:28:04,-07:00,2026-05-01T21:28:04-07:00,2,18
style.css,137,css,a9f4f8f9,YadushanUCSD,2026-05-01,21:28:04,-07:00,2026-05-01T21:28:04-07:00,2,12
style.css,138,css,a9f4f8f9,YadushanUCSD,2026-05-01,21:28:04,-07:00,2026-05-01T21:28:04-07:00,2,21
style.css,139,css,a9f4f8f9,YadushanUCSD,2026-05-01,21:28:04,-07:00,2026-05-01T21:28:04-07:00,1,0
style.css,140,css,a9f4f8f9,YadushanUCSD,2026-05-01,21:28:04,-07:00,2026-05-01T21:28:04-07:00,1,9
style.css,141,css,a9f4f8f9,YadushanUCSD,2026-05-01,21:28:04,-07:00,2026-05-01T21:28:04-07:00,1,12
style.css,142,css,a9f4f8f9,YadushanUCSD,2026-05-01,21:28:04,-07:00,2026-05-01T21:28:04-07:00,1,10
style.css,143,css,a9f4f8f9,YadushanUCSD,2026-05-01,21:28:04,-07:00,2026-05-01T21:28:04-07:00,1,9
style.css,144,css,a9f4f8f9,YadushanUCSD,2026-05-01,21:28:04,-07:00,2026-05-01T21:28:04-07:00,2,15
style.css,145,css,a9f4f8f9,YadushanUCSD,2026-05-01,21:28:04,-07:00,2026-05-01T21:28:04-07:00,2,10
style.css,146,css,a9f4f8f9,YadushanUCSD,2026-05-01,21:28:04,-07:00,2026-05-01T21:28:04-07:00,1,0
style.css,147,css,a9f4f8f9,YadushanUCSD,2026-05-01,21:28:04,-07:00,2026-05-01T21:28:04-07:00,1,0
style.css,148,css,a9f4f8f9,YadushanUCSD,2026-05-01,21:28:04,-07:00,2026-05-01T21:28:04-07:00,1,10
style.css,149,css,a9f4f8f9,YadushanUCSD,2026-05-01,21:28:04,-07:00,2026-05-01T21:28:04-07:00,2,20
style.css,150,css,a9f4f8f9,YadushanUCSD,2026-05-01,21:28:04,-07:00,2026-05-01T21:28:04-07:00,1,0
style.css,151,css,a9f4f8f9,YadushanUCSD,2026-05-01,21:28:04,-07:00,2026-05-01T21:28:04-07:00,1,0
style.css,152,css,a9f4f8f9,YadushanUCSD,2026-05-01,21:28:04,-07:00,2026-05-01T21:28:04-07:00,1,13
style.css,153,css,a9f4f8f9,YadushanUCSD,2026-05-01,21:28:04,-07:00,2026-05-01T21:28:04-07:00,2,16
style.css,154,css,a9f4f8f9,YadushanUCSD,2026-05-01,21:28:04,-07:00,2026-05-01T21:28:04-07:00,2,12
style.css,155,css,a9f4f8f9,YadushanUCSD,2026-05-01,21:28:04,-07:00,2026-05-01T21:28:04-07:00,2,18
style.css,156,css,a9f4f8f9,YadushanUCSD,2026-05-01,21:28:04,-07:00,2026-05-01T21:28:04-07:00,1,0
style.css,157,css,a9f4f8f9,YadushanUCSD,2026-05-01,21:28:04,-07:00,2026-05-01T21:28:04-07:00,1,0
style.css,158,css,a9f4f8f9,YadushanUCSD,2026-05-01,21:28:04,-07:00,2026-05-01T21:28:04-07:00,1,11
style.css,159,css,a9f4f8f9,YadushanUCSD,2026-05-01,21:28:04,-07:00,2026-05-01T21:28:04-07:00,2,14
style.css,160,css,a9f4f8f9,YadushanUCSD,2026-05-01,21:28:04,-07:00,2026-05-01T21:28:04-07:00,2,11
style.css,161,css,a9f4f8f9,YadushanUCSD,2026-05-01,21:28:04,-07:00,2026-05-01T21:28:04-07:00,2,13
style.css,162,css,a9f4f8f9,YadushanUCSD,2026-05-01,21:28:04,-07:00,2026-05-01T21:28:04-07:00,2,18
style.css,163,css,a9f4f8f9,YadushanUCSD,2026-05-01,21:28:04,-07:00,2026-05-01T21:28:04-07:00,1,0
style.css,164,css,a9f4f8f9,YadushanUCSD,2026-05-01,21:28:04,-07:00,2026-05-01T21:28:04-07:00,0,0
style.css,165,css,a9f4f8f9,YadushanUCSD,2026-05-01,21:28:04,-07:00,2026-05-01T21:28:04-07:00,1,14
style.css,166,css,a9f4f8f9,YadushanUCSD,2026-05-01,21:28:04,-07:00,2026-05-01T21:28:04-07:00,2,14
style.css,167,css,a9f4f8f9,YadushanUCSD,2026-05-01,21:28:04,-07:00,2026-05-01T21:28:04-07:00,2,16
style.css,168,css,a9f4f8f9,YadushanUCSD,2026-05-01,21:28:04,-07:00,2026-05-01T21:28:04-07:00,1,0
style.css,169,css,a9f4f8f9,YadushanUCSD,2026-05-01,21:28:04,-07:00,2026-05-01T21:28:04-07:00,2,16
style.css,170,css,a9f4f8f9,YadushanUCSD,2026-05-01,21:28:04,-07:00,2026-05-01T21:28:04-07:00,1,0
style.css,171,css,a9f4f8f9,YadushanUCSD,2026-05-01,21:28:04,-07:00,2026-05-01T21:28:04-07:00,0,0
style.css,172,css,a9f4f8f9,YadushanUCSD,2026-05-01,21:28:04,-07:00,2026-05-01T21:28:04-07:00,1,10
style.css,173,css,a9f4f8f9,YadushanUCSD,2026-05-01,21:28:04,-07:00,2026-05-01T21:28:04-07:00,2,12
style.css,174,css,a9f4f8f9,YadushanUCSD,2026-05-01,21:28:04,-07:00,2026-05-01T21:28:04-07:00,2,18
style.css,175,css,a9f4f8f9,YadushanUCSD,2026-05-01,21:28:04,-07:00,2026-05-01T21:28:04-07:00,2,8
style.css,176,css,a9f4f8f9,YadushanUCSD,2026-05-01,21:28:04,-07:00,2026-05-01T21:28:04-07:00,2,15
style.css,177,css,a9f4f8f9,YadushanUCSD,2026-05-01,21:28:04,-07:00,2026-05-01T21:28:04-07:00,2,14
style.css,178,css,a9f4f8f9,YadushanUCSD,2026-05-01,21:28:04,-07:00,2026-05-01T21:28:04-07:00,1,0
style.css,179,css,a9f4f8f9,YadushanUCSD,2026-05-01,21:28:04,-07:00,2026-05-01T21:28:04-07:00,1,0
style.css,180,css,a9f4f8f9,YadushanUCSD,2026-05-01,21:28:04,-07:00,2026-05-01T21:28:04-07:00,1,14
style.css,181,css,a9f4f8f9,YadushanUCSD,2026-05-01,21:28:04,-07:00,2026-05-01T21:28:04-07:00,2,15
style.css,182,css,a9f4f8f9,YadushanUCSD,2026-05-01,21:28:04,-07:00,2026-05-01T21:28:04-07:00,2,11
style.css,183,css,a9f4f8f9,YadushanUCSD,2026-05-01,21:28:04,-07:00,2026-05-01T21:28:04-07:00,2,13
style.css,184,css,a9f4f8f9,YadushanUCSD,2026-05-01,21:28:04,-07:00,2026-05-01T21:28:04-07:00,1,0
style.css,185,css,a9f4f8f9,YadushanUCSD,2026-05-01,21:28:04,-07:00,2026-05-01T21:28:04-07:00,0,0
style.css,186,css,a9f4f8f9,YadushanUCSD,2026-05-01,21:28:04,-07:00,2026-05-01T21:28:04-07:00,1,30
style.css,187,css,a9f4f8f9,YadushanUCSD,2026-05-01,21:28:04,-07:00,2026-05-01T21:28:04-07:00,2,16
style.css,188,css,a9f4f8f9,YadushanUCSD,2026-05-01,21:28:04,-07:00,2026-05-01T21:28:04-07:00,3,11
style.css,189,css,a9f4f8f9,YadushanUCSD,2026-05-01,21:28:04,-07:00,2026-05-01T21:28:04-07:00,2,0
style.css,190,css,a9f4f8f9,YadushanUCSD,2026-05-01,21:28:04,-07:00,2026-05-01T21:28:04-07:00,1,0
style.css,191,css,a9f4f8f9,YadushanUCSD,2026-05-01,21:28:04,-07:00,2026-05-01T21:28:04-07:00,0,0
style.css,192,css,a9f4f8f9,YadushanUCSD,2026-05-01,21:28:04,-07:00,2026-05-01T21:28:04-07:00,1,4
style.css,193,css,a9f4f8f9,YadushanUCSD,2026-05-01,21:28:04,-07:00,2026-05-01T21:28:04-07:00,2,14
style.css,194,css,a9f4f8f9,YadushanUCSD,2026-05-01,21:28:04,-07:00,2026-05-01T21:28:04-07:00,1,0
style.css,195,css,a9f4f8f9,YadushanUCSD,2026-05-01,21:28:04,-07:00,2026-05-01T21:28:04-07:00,1,0
style.css,196,css,a9f4f8f9,YadushanUCSD,2026-05-01,21:28:04,-07:00,2026-05-01T21:28:04-07:00,1,9
style.css,197,css,a9f4f8f9,YadushanUCSD,2026-05-01,21:28:04,-07:00,2026-05-01T21:28:04-07:00,2,35
style.css,198,css,a9f4f8f9,YadushanUCSD,2026-05-01,21:28:04,-07:00,2026-05-01T21:28:04-07:00,1,0
style.css,199,css,a9f4f8f9,YadushanUCSD,2026-05-01,21:28:04,-07:00,2026-05-01T21:28:04-07:00,2,10
style.css,200,css,a9f4f8f9,YadushanUCSD,2026-05-01,21:28:04,-07:00,2026-05-01T21:28:04-07:00,3,17
style.css,201,css,a9f4f8f9,YadushanUCSD,2026-05-01,21:28:04,-07:00,2026-05-01T21:28:04-07:00,2,0
style.css,202,css,a9f4f8f9,YadushanUCSD,2026-05-01,21:28:04,-07:00,2026-05-01T21:28:04-07:00,1,0
style.css,203,css,a9f4f8f9,YadushanUCSD,2026-05-01,21:28:04,-07:00,2026-05-01T21:28:04-07:00,0,0
style.css,204,css,a9f4f8f9,YadushanUCSD,2026-05-01,21:28:04,-07:00,2026-05-01T21:28:04-07:00,1,0
style.css,205,css,a9f4f8f9,YadushanUCSD,2026-05-01,21:28:04,-07:00,2026-05-01T21:28:04-07:00,1,7
style.css,206,css,a9f4f8f9,YadushanUCSD,2026-05-01,21:28:04,-07:00,2026-05-01T21:28:04-07:00,2,12
style.css,207,css,a9f4f8f9,YadushanUCSD,2026-05-01,21:28:04,-07:00,2026-05-01T21:28:04-07:00,2,57
style.css,208,css,a9f4f8f9,YadushanUCSD,2026-05-01,21:28:04,-07:00,2026-05-01T21:28:04-07:00,2,10
style.css,209,css,a9f4f8f9,YadushanUCSD,2026-05-01,21:28:04,-07:00,2026-05-01T21:28:04-07:00,2,14
style.css,210,css,a9f4f8f9,YadushanUCSD,2026-05-01,21:28:04,-07:00,2026-05-01T21:28:04-07:00,2,41
style.css,211,css,a9f4f8f9,YadushanUCSD,2026-05-01,21:28:04,-07:00,2026-05-01T21:28:04-07:00,2,17
style.css,212,css,a9f4f8f9,YadushanUCSD,2026-05-01,21:28:04,-07:00,2026-05-01T21:28:04-07:00,2,8
style.css,213,css,a9f4f8f9,YadushanUCSD,2026-05-01,21:28:04,-07:00,2026-05-01T21:28:04-07:00,1,0
style.css,214,css,a9f4f8f9,YadushanUCSD,2026-05-01,21:28:04,-07:00,2026-05-01T21:28:04-07:00,1,0
style.css,215,css,a9f4f8f9,YadushanUCSD,2026-05-01,21:28:04,-07:00,2026-05-01T21:28:04-07:00,1,12
style.css,216,css,a9f4f8f9,YadushanUCSD,2026-05-01,21:28:04,-07:00,2026-05-01T21:28:04-07:00,2,12
style.css,217,css,a9f4f8f9,YadushanUCSD,2026-05-01,21:28:04,-07:00,2026-05-01T21:28:04-07:00,2,18
style.css,218,css,a9f4f8f9,YadushanUCSD,2026-05-01,21:28:04,-07:00,2026-05-01T21:28:04-07:00,2,10
style.css,219,css,a9f4f8f9,YadushanUCSD,2026-05-01,21:28:04,-07:00,2026-05-01T21:28:04-07:00,1,0
style.css,220,css,a9f4f8f9,YadushanUCSD,2026-05-01,21:28:04,-07:00,2026-05-01T21:28:04-07:00,1,0
style.css,221,css,a9f4f8f9,YadushanUCSD,2026-05-01,21:28:04,-07:00,2026-05-01T21:28:04-07:00,1,7
style.css,222,css,a9f4f8f9,YadushanUCSD,2026-05-01,21:28:04,-07:00,2026-05-01T21:28:04-07:00,2,10
style.css,223,css,a9f4f8f9,YadushanUCSD,2026-05-01,21:28:04,-07:00,2026-05-01T21:28:04-07:00,2,11
style.css,224,css,a9f4f8f9,YadushanUCSD,2026-05-01,21:28:04,-07:00,2026-05-01T21:28:04-07:00,2,29
style.css,225,css,a9f4f8f9,YadushanUCSD,2026-05-01,21:28:04,-07:00,2026-05-01T21:28:04-07:00,2,17
style.css,226,css,a9f4f8f9,YadushanUCSD,2026-05-01,21:28:04,-07:00,2026-05-01T21:28:04-07:00,1,0
style.css,227,css,a9f4f8f9,YadushanUCSD,2026-05-01,21:28:04,-07:00,2026-05-01T21:28:04-07:00,0,0
style.css,228,css,a9f4f8f9,YadushanUCSD,2026-05-01,21:28:04,-07:00,2026-05-01T21:28:04-07:00,1,10
style.css,229,css,a9f4f8f9,YadushanUCSD,2026-05-01,21:28:04,-07:00,2026-05-01T21:28:04-07:00,2,10
style.css,230,css,a9f4f8f9,YadushanUCSD,2026-05-01,21:28:04,-07:00,2026-05-01T21:28:04-07:00,2,17
style.css,231,css,a9f4f8f9,YadushanUCSD,2026-05-01,21:28:04,-07:00,2026-05-01T21:28:04-07:00,2,18
style.css,232,css,a9f4f8f9,YadushanUCSD,2026-05-01,21:28:04,-07:00,2026-05-01T21:28:04-07:00,2,14
style.css,233,css,a9f4f8f9,YadushanUCSD,2026-05-01,21:28:04,-07:00,2026-05-01T21:28:04-07:00,2,14
style.css,234,css,a9f4f8f9,YadushanUCSD,2026-05-01,21:28:04,-07:00,2026-05-01T21:28:04-07:00,2,41
style.css,235,css,a9f4f8f9,YadushanUCSD,2026-05-01,21:28:04,-07:00,2026-05-01T21:28:04-07:00,0,0
style.css,236,css,a9f4f8f9,YadushanUCSD,2026-05-01,21:28:04,-07:00,2026-05-01T21:28:04-07:00,0,0
index.js,1,js,224e3081,YadushanUCSD,2026-04-24,13:36:35,-07:00,2026-04-24T13:36:35-07:00,0,71
index.js,2,js,224e3081,YadushanUCSD,2026-04-24,13:36:35,-07:00,2026-04-24T13:36:35-07:00,0,54
index.js,3,js,224e3081,YadushanUCSD,2026-04-24,13:36:35,-07:00,2026-04-24T13:36:35-07:00,0,42
index.js,4,js,224e3081,YadushanUCSD,2026-04-24,13:36:35,-07:00,2026-04-24T13:36:35-07:00,0,60
index.js,5,js,224e3081,YadushanUCSD,2026-04-24,13:36:35,-07:00,2026-04-24T13:36:35-07:00,0,54
index.js,6,js,224e3081,YadushanUCSD,2026-04-24,13:36:35,-07:00,2026-04-24T13:36:35-07:00,0,55
index.js,7,js,224e3081,YadushanUCSD,2026-04-24,13:36:35,-07:00,2026-04-24T13:36:35-07:00,0,60
index.js,8,js,224e3081,YadushanUCSD,2026-04-24,13:36:35,-07:00,2026-04-24T13:36:35-07:00,0,17
index.js,9,js,224e3081,YadushanUCSD,2026-04-24,13:36:35,-07:00,2026-04-24T13:36:35-07:00,2,24
index.js,10,js,224e3081,YadushanUCSD,2026-04-24,13:36:35,-07:00,2026-04-24T13:36:35-07:00,5,2
index.js,11,js,224e3081,YadushanUCSD,2026-04-24,13:36:35,-07:00,2026-04-24T13:36:35-07:00,6,55
index.js,12,js,224e3081,YadushanUCSD,2026-04-24,13:36:35,-07:00,2026-04-24T13:36:35-07:00,6,55
index.js,13,js,224e3081,YadushanUCSD,2026-04-24,13:36:35,-07:00,2026-04-24T13:36:35-07:00,6,49
index.js,14,js,224e3081,YadushanUCSD,2026-04-24,13:36:35,-07:00,2026-04-24T13:36:35-07:00,6,49
index.js,15,js,224e3081,YadushanUCSD,2026-04-24,13:36:35,-07:00,2026-04-24T13:36:35-07:00,5,3
index.js,16,js,224e3081,YadushanUCSD,2026-04-24,13:36:35,-07:00,2026-04-24T13:36:35-07:00,3,0
index.js,17,js,224e3081,YadushanUCSD,2026-04-24,13:36:35,-07:00,2026-04-24T13:36:35-07:00,1,0
index.html,1,html,a016d2f3,YadushanUCSD,2026-04-03,00:02:40,-07:00,2026-04-03T00:02:40-07:00,0,13
index.html,2,html,a016d2f3,YadushanUCSD,2026-04-03,00:02:40,-07:00,2026-04-03T00:02:40-07:00,0,14
index.html,3,html,a016d2f3,YadushanUCSD,2026-04-03,00:02:40,-07:00,2026-04-03T00:02:40-07:00,0,4
index.html,4,html,a016d2f3,YadushanUCSD,2026-04-03,00:02:40,-07:00,2026-04-03T00:02:40-07:00,2,20
index.html,5,html,a016d2f3,YadushanUCSD,2026-04-03,00:02:40,-07:00,2026-04-03T00:02:40-07:00,2,68
index.html,6,html,a016d2f3,YadushanUCSD,2026-04-03,00:02:40,-07:00,2026-04-03T00:02:40-07:00,2,64
index.html,7,html,60cf9e74,YadushanUCSD,2026-04-10,20:02:29,-07:00,2026-04-10T20:02:29-07:00,2,38
index.html,8,html,85025111,YadushanUCSD,2026-04-17,15:42:30,-07:00,2026-04-17T15:42:30-07:00,2,45
index.html,9,html,224e3081,YadushanUCSD,2026-04-24,13:36:35,-07:00,2026-04-24T13:36:35-07:00,2,50
index.html,10,html,a016d2f3,YadushanUCSD,2026-04-03,00:02:40,-07:00,2026-04-03T00:02:40-07:00,0,5
index.html,11,html,a016d2f3,YadushanUCSD,2026-04-03,00:02:40,-07:00,2026-04-03T00:02:40-07:00,0,4
index.html,12,html,013df9d9,YadushanUCSD,2026-04-10,17:57:19,-07:00,2026-04-10T17:57:19-07:00,2,31
index.html,13,html,013df9d9,YadushanUCSD,2026-04-10,17:57:19,-07:00,2026-04-10T17:57:19-07:00,2,162
index.html,14,html,013df9d9,YadushanUCSD,2026-04-10,17:57:19,-07:00,2026-04-10T17:57:19-07:00,2,91
index.html,15,html,224e3081,YadushanUCSD,2026-04-24,13:36:35,-07:00,2026-04-24T13:36:35-07:00,2,22
index.html,16,html,224e3081,YadushanUCSD,2026-04-24,13:36:35,-07:00,2026-04-24T13:36:35-07:00,2,20
index.html,17,html,224e3081,YadushanUCSD,2026-04-24,13:36:35,-07:00,2026-04-24T13:36:35-07:00,4,49
index.html,18,html,224e3081,YadushanUCSD,2026-04-24,13:36:35,-07:00,2026-04-24T13:36:35-07:00,2,4
index.html,19,html,224e3081,YadushanUCSD,2026-04-24,13:36:35,-07:00,2026-04-24T13:36:35-07:00,2,19
index.html,20,html,224e3081,YadushanUCSD,2026-04-24,13:36:35,-07:00,2026-04-24T13:36:35-07:00,2,22
index.html,21,html,224e3081,YadushanUCSD,2026-04-24,13:36:35,-07:00,2026-04-24T13:36:35-07:00,2,4
index.html,22,html,a016d2f3,YadushanUCSD,2026-04-03,00:02:40,-07:00,2026-04-03T00:02:40-07:00,0,5
index.html,23,html,a016d2f3,YadushanUCSD,2026-04-03,00:02:40,-07:00,2026-04-03T00:02:40-07:00,0,5
global.js,1,js,85025111,YadushanUCSD,2026-04-17,15:42:30,-07:00,2026-04-17T15:42:30-07:00,0,25
global.js,2,js,85025111,YadushanUCSD,2026-04-17,15:42:30,-07:00,2026-04-17T15:42:30-07:00,0,0
global.js,3,js,85025111,YadushanUCSD,2026-04-17,15:42:30,-07:00,2026-04-17T15:42:30-07:00,0,41
global.js,4,js,85025111,YadushanUCSD,2026-04-17,15:42:30,-07:00,2026-04-17T15:42:30-07:00,1,52
global.js,5,js,85025111,YadushanUCSD,2026-04-17,15:42:30,-07:00,2026-04-17T15:42:30-07:00,0,0
global.js,6,js,85025111,YadushanUCSD,2026-04-17,15:42:30,-07:00,2026-04-17T15:42:30-07:00,0,0
global.js,7,js,85025111,YadushanUCSD,2026-04-17,15:42:30,-07:00,2026-04-17T15:42:30-07:00,0,29
global.js,8,js,85025111,YadushanUCSD,2026-04-17,15:42:30,-07:00,2026-04-17T15:42:30-07:00,0,0
global.js,9,js,85025111,YadushanUCSD,2026-04-17,15:42:30,-07:00,2026-04-17T15:42:30-07:00,0,33
global.js,10,js,85025111,YadushanUCSD,2026-04-17,15:42:30,-07:00,2026-04-17T15:42:30-07:00,0,73
global.js,11,js,85025111,YadushanUCSD,2026-04-17,15:42:30,-07:00,2026-04-17T15:42:30-07:00,0,5
global.js,12,js,85025111,YadushanUCSD,2026-04-17,15:42:30,-07:00,2026-04-17T15:42:30-07:00,0,0
global.js,13,js,85025111,YadushanUCSD,2026-04-17,15:42:30,-07:00,2026-04-17T15:42:30-07:00,0,41
global.js,14,js,85025111,YadushanUCSD,2026-04-17,15:42:30,-07:00,2026-04-17T15:42:30-07:00,0,11
global.js,15,js,85025111,YadushanUCSD,2026-04-17,15:42:30,-07:00,2026-04-17T15:42:30-07:00,2,25
global.js,16,js,85025111,YadushanUCSD,2026-04-17,15:42:30,-07:00,2026-04-17T15:42:30-07:00,2,38
global.js,17,js,85025111,YadushanUCSD,2026-04-17,15:42:30,-07:00,2026-04-17T15:42:30-07:00,2,36
global.js,18,js,85025111,YadushanUCSD,2026-04-17,15:42:30,-07:00,2026-04-17T15:42:30-07:00,2,34
global.js,19,js,00000000,Not Committed Yet,2026-05-08,18:43:52,-07:00,2026-05-08T18:43:52-07:00,2,30
global.js,20,js,85025111,YadushanUCSD,2026-04-17,15:42:30,-07:00,2026-04-17T15:42:30-07:00,2,57
global.js,21,js,85025111,YadushanUCSD,2026-04-17,15:42:30,-07:00,2026-04-17T15:42:30-07:00,1,0
global.js,22,js,85025111,YadushanUCSD,2026-04-17,15:42:30,-07:00,2026-04-17T15:42:30-07:00,0,0
global.js,23,js,85025111,YadushanUCSD,2026-04-17,15:42:30,-07:00,2026-04-17T15:42:30-07:00,0,38
global.js,24,js,85025111,YadushanUCSD,2026-04-17,15:42:30,-07:00,2026-04-17T15:42:30-07:00,0,25
global.js,25,js,85025111,YadushanUCSD,2026-04-17,15:42:30,-07:00,2026-04-17T15:42:30-07:00,0,0
global.js,26,js,85025111,YadushanUCSD,2026-04-17,15:42:30,-07:00,2026-04-17T15:42:30-07:00,0,88
global.js,27,js,85025111,YadushanUCSD,2026-04-17,15:42:30,-07:00,2026-04-17T15:42:30-07:00,1,3
global.js,28,js,dfc26346,YadushanUCSD,2026-04-17,17:11:40,-07:00,2026-04-17T17:11:40-07:00,1,14
global.js,29,js,85025111,YadushanUCSD,2026-04-17,15:42:30,-07:00,2026-04-17T15:42:30-07:00,0,0
global.js,30,js,85025111,YadushanUCSD,2026-04-17,15:42:30,-07:00,2026-04-17T15:42:30-07:00,0,20
global.js,31,js,85025111,YadushanUCSD,2026-04-17,15:42:30,-07:00,2026-04-17T15:42:30-07:00,2,14
global.js,32,js,85025111,YadushanUCSD,2026-04-17,15:42:30,-07:00,2026-04-17T15:42:30-07:00,2,18
global.js,33,js,85025111,YadushanUCSD,2026-04-17,15:42:30,-07:00,2026-04-17T15:42:30-07:00,2,52
global.js,34,js,85025111,YadushanUCSD,2026-04-17,15:42:30,-07:00,2026-04-17T15:42:30-07:00,2,34
global.js,35,js,85025111,YadushanUCSD,2026-04-17,15:42:30,-07:00,2026-04-17T15:42:30-07:00,2,11
global.js,36,js,85025111,YadushanUCSD,2026-04-17,15:42:30,-07:00,2026-04-17T15:42:30-07:00,2,20
global.js,37,js,85025111,YadushanUCSD,2026-04-17,15:42:30,-07:00,2026-04-17T15:42:30-07:00,2,12
global.js,38,js,85025111,YadushanUCSD,2026-04-17,15:42:30,-07:00,2026-04-17T15:42:30-07:00,2,65
global.js,39,js,85025111,YadushanUCSD,2026-04-17,15:42:30,-07:00,2026-04-17T15:42:30-07:00,4,25
global.js,40,js,85025111,YadushanUCSD,2026-04-17,15:42:30,-07:00,2026-04-17T15:42:30-07:00,3,0
global.js,41,js,85025111,YadushanUCSD,2026-04-17,15:42:30,-07:00,2026-04-17T15:42:30-07:00,2,17
global.js,42,js,85025111,YadushanUCSD,2026-04-17,15:42:30,-07:00,2026-04-17T15:42:30-07:00,4,8
global.js,43,js,85025111,YadushanUCSD,2026-04-17,15:42:30,-07:00,2026-04-17T15:42:30-07:00,4,59
global.js,44,js,85025111,YadushanUCSD,2026-04-17,15:42:30,-07:00,2026-04-17T15:42:30-07:00,2,0
global.js,45,js,85025111,YadushanUCSD,2026-04-17,15:42:30,-07:00,2026-04-17T15:42:30-07:00,2,29
global.js,46,js,85025111,YadushanUCSD,2026-04-17,15:42:30,-07:00,2026-04-17T15:42:30-07:00,4,18
global.js,47,js,85025111,YadushanUCSD,2026-04-17,15:42:30,-07:00,2026-04-17T15:42:30-07:00,2,0
global.js,48,js,85025111,YadushanUCSD,2026-04-17,15:42:30,-07:00,2026-04-17T15:42:30-07:00,2,12
global.js,49,js,85025111,YadushanUCSD,2026-04-17,15:42:30,-07:00,2026-04-17T15:42:30-07:00,1,0
global.js,50,js,85025111,YadushanUCSD,2026-04-17,15:42:30,-07:00,2026-04-17T15:42:30-07:00,0,0
global.js,51,js,85025111,YadushanUCSD,2026-04-17,15:42:30,-07:00,2026-04-17T15:42:30-07:00,1,31
global.js,52,js,85025111,YadushanUCSD,2026-04-17,15:42:30,-07:00,2026-04-17T15:42:30-07:00,2,11
global.js,53,js,85025111,YadushanUCSD,2026-04-17,15:42:30,-07:00,2026-04-17T15:42:30-07:00,2,0
global.js,54,js,85025111,YadushanUCSD,2026-04-17,15:42:30,-07:00,2026-04-17T15:42:30-07:00,3,26
global.js,55,js,85025111,YadushanUCSD,2026-04-17,15:42:30,-07:00,2026-04-17T15:42:30-07:00,5,4
global.js,56,js,85025111,YadushanUCSD,2026-04-17,15:42:30,-07:00,2026-04-17T15:42:30-07:00,5,6
global.js,57,js,85025111,YadushanUCSD,2026-04-17,15:42:30,-07:00,2026-04-17T15:42:30-07:00,8,43
global.js,58,js,85025111,YadushanUCSD,2026-04-17,15:42:30,-07:00,2026-04-17T15:42:30-07:00,0,34
global.js,59,js,85025111,YadushanUCSD,2026-04-17,15:42:30,-07:00,2026-04-17T15:42:30-07:00,0,32
global.js,60,js,85025111,YadushanUCSD,2026-04-17,15:42:30,-07:00,2026-04-17T15:42:30-07:00,5,7
global.js,61,js,85025111,YadushanUCSD,2026-04-17,15:42:30,-07:00,2026-04-17T15:42:30-07:00,3,8
global.js,62,js,85025111,YadushanUCSD,2026-04-17,15:42:30,-07:00,2026-04-17T15:42:30-07:00,1,0
global.js,63,js,85025111,YadushanUCSD,2026-04-17,15:42:30,-07:00,2026-04-17T15:42:30-07:00,0,0
global.js,64,js,85025111,YadushanUCSD,2026-04-17,15:42:30,-07:00,2026-04-17T15:42:30-07:00,1,60
global.js,65,js,85025111,YadushanUCSD,2026-04-17,15:42:30,-07:00,2026-04-17T15:42:30-07:00,1,36
global.js,66,js,85025111,YadushanUCSD,2026-04-17,15:42:30,-07:00,2026-04-17T15:42:30-07:00,2,70
global.js,67,js,85025111,YadushanUCSD,2026-04-17,15:42:30,-07:00,2026-04-17T15:42:30-07:00,2,25
global.js,68,js,85025111,YadushanUCSD,2026-04-17,15:42:30,-07:00,2026-04-17T15:42:30-07:00,1,0
global.js,69,js,85025111,YadushanUCSD,2026-04-17,15:42:30,-07:00,2026-04-17T15:42:30-07:00,1,49
global.js,70,js,85025111,YadushanUCSD,2026-04-17,15:42:30,-07:00,2026-04-17T15:42:30-07:00,2,57
global.js,71,js,85025111,YadushanUCSD,2026-04-17,15:42:30,-07:00,2026-04-17T15:42:30-07:00,2,33
global.js,72,js,85025111,YadushanUCSD,2026-04-17,15:42:30,-07:00,2026-04-17T15:42:30-07:00,2,44
global.js,73,js,85025111,YadushanUCSD,2026-04-17,15:42:30,-07:00,2026-04-17T15:42:30-07:00,1,1
global.js,74,js,85025111,YadushanUCSD,2026-04-17,15:42:30,-07:00,2026-04-17T15:42:30-07:00,1,34
global.js,75,js,85025111,YadushanUCSD,2026-04-17,15:42:30,-07:00,2026-04-17T15:42:30-07:00,2,39
global.js,76,js,224e3081,YadushanUCSD,2026-04-24,13:36:35,-07:00,2026-04-24T13:36:35-07:00,1,0
global.js,77,js,224e3081,YadushanUCSD,2026-04-24,13:36:35,-07:00,2026-04-24T13:36:35-07:00,0,0
global.js,78,js,224e3081,YadushanUCSD,2026-04-24,13:36:35,-07:00,2026-04-24T13:36:35-07:00,1,36
global.js,79,js,224e3081,YadushanUCSD,2026-04-24,13:36:35,-07:00,2026-04-24T13:36:35-07:00,2,3
global.js,80,js,224e3081,YadushanUCSD,2026-04-24,13:36:35,-07:00,2026-04-24T13:36:35-07:00,4,32
global.js,81,js,224e3081,YadushanUCSD,2026-04-24,13:36:35,-07:00,2026-04-24T13:36:35-07:00,4,19
global.js,82,js,224e3081,YadushanUCSD,2026-04-24,13:36:35,-07:00,2026-04-24T13:36:35-07:00,4,17
global.js,83,js,224e3081,YadushanUCSD,2026-04-24,13:36:35,-07:00,2026-04-24T13:36:35-07:00,6,66
global.js,84,js,224e3081,YadushanUCSD,2026-04-24,13:36:35,-07:00,2026-04-24T13:36:35-07:00,4,0
global.js,85,js,224e3081,YadushanUCSD,2026-04-24,13:36:35,-07:00,2026-04-24T13:36:35-07:00,4,33
global.js,86,js,224e3081,YadushanUCSD,2026-04-24,13:36:35,-07:00,2026-04-24T13:36:35-07:00,4,10
global.js,87,js,224e3081,YadushanUCSD,2026-04-24,13:36:35,-07:00,2026-04-24T13:36:35-07:00,2,15
global.js,88,js,224e3081,YadushanUCSD,2026-04-24,13:36:35,-07:00,2026-04-24T13:36:35-07:00,4,59
global.js,89,js,224e3081,YadushanUCSD,2026-04-24,13:36:35,-07:00,2026-04-24T13:36:35-07:00,2,0
global.js,90,js,224e3081,YadushanUCSD,2026-04-24,13:36:35,-07:00,2026-04-24T13:36:35-07:00,1,0
global.js,91,js,224e3081,YadushanUCSD,2026-04-24,13:36:35,-07:00,2026-04-24T13:36:35-07:00,0,0
global.js,92,js,224e3081,YadushanUCSD,2026-04-24,13:36:35,-07:00,2026-04-24T13:36:35-07:00,1,79
global.js,93,js,224e3081,YadushanUCSD,2026-04-24,13:36:35,-07:00,2026-04-24T13:36:35-07:00,2,30
global.js,94,js,224e3081,YadushanUCSD,2026-04-24,13:36:35,-07:00,2026-04-24T13:36:35-07:00,2,27
global.js,95,js,224e3081,YadushanUCSD,2026-04-24,13:36:35,-07:00,2026-04-24T13:36:35-07:00,4,48
global.js,96,js,224e3081,YadushanUCSD,2026-04-24,13:36:35,-07:00,2026-04-24T13:36:35-07:00,4,19
global.js,97,js,224e3081,YadushanUCSD,2026-04-24,13:36:35,-07:00,2026-04-24T13:36:35-07:00,4,23
global.js,98,js,224e3081,YadushanUCSD,2026-04-24,13:36:35,-07:00,2026-04-24T13:36:35-07:00,4,49
global.js,99,js,a9f4f8f9,YadushanUCSD,2026-05-01,21:28:04,-07:00,2026-05-01T21:28:04-07:00,4,27
global.js,100,js,a9f4f8f9,YadushanUCSD,2026-05-01,21:28:04,-07:00,2026-05-01T21:28:04-07:00,4,45
global.js,101,js,224e3081,YadushanUCSD,2026-04-24,13:36:35,-07:00,2026-04-24T13:36:35-07:00,4,36
global.js,102,js,224e3081,YadushanUCSD,2026-04-24,13:36:35,-07:00,2026-04-24T13:36:35-07:00,2,1
global.js,103,js,224e3081,YadushanUCSD,2026-04-24,13:36:35,-07:00,2026-04-24T13:36:35-07:00,1,0
global.js,104,js,224e3081,YadushanUCSD,2026-04-24,13:36:35,-07:00,2026-04-24T13:36:35-07:00,0,0
global.js,105,js,224e3081,YadushanUCSD,2026-04-24,13:36:35,-07:00,2026-04-24T13:36:35-07:00,1,47
global.js,106,js,224e3081,YadushanUCSD,2026-04-24,13:36:35,-07:00,2026-04-24T13:36:35-07:00,2,59
global.js,107,js,224e3081,YadushanUCSD,2026-04-24,13:36:35,-07:00,2026-04-24T13:36:35-07:00,1,0
global.js,108,js,224e3081,YadushanUCSD,2026-04-24,13:36:35,-07:00,2026-04-24T13:36:35-07:00,0,0
global.js,109,js,224e3081,YadushanUCSD,2026-04-24,13:36:35,-07:00,2026-04-24T13:36:35-07:00,1,0
resume/index.html,1,html,13d60d07,YadushanUCSD,2026-04-03,20:06:14,-07:00,2026-04-03T20:06:14-07:00,0,13
resume/index.html,2,html,13d60d07,YadushanUCSD,2026-04-03,20:06:14,-07:00,2026-04-03T20:06:14-07:00,0,14
resume/index.html,3,html,13d60d07,YadushanUCSD,2026-04-03,20:06:14,-07:00,2026-04-03T20:06:14-07:00,0,4
resume/index.html,4,html,13d60d07,YadushanUCSD,2026-04-03,20:06:14,-07:00,2026-04-03T20:06:14-07:00,2,20
resume/index.html,5,html,13d60d07,YadushanUCSD,2026-04-03,20:06:14,-07:00,2026-04-03T20:06:14-07:00,2,68
resume/index.html,6,html,9de4a755,YadushanUCSD,2026-04-03,20:14:37,-07:00,2026-04-03T20:14:37-07:00,2,19
resume/index.html,7,html,013df9d9,YadushanUCSD,2026-04-10,17:57:19,-07:00,2026-04-10T17:57:19-07:00,2,41
resume/index.html,8,html,85025111,YadushanUCSD,2026-04-17,15:42:30,-07:00,2026-04-17T15:42:30-07:00,2,48
resume/index.html,9,html,13d60d07,YadushanUCSD,2026-04-03,20:06:14,-07:00,2026-04-03T20:06:14-07:00,0,5
resume/index.html,10,html,13d60d07,YadushanUCSD,2026-04-03,20:06:14,-07:00,2026-04-03T20:06:14-07:00,0,4
resume/index.html,11,html,13d60d07,YadushanUCSD,2026-04-03,20:06:14,-07:00,2026-04-03T20:06:14-07:00,2,6
resume/index.html,12,html,9de4a755,YadushanUCSD,2026-04-03,20:14:37,-07:00,2026-04-03T20:14:37-07:00,4,29
resume/index.html,13,html,13d60d07,YadushanUCSD,2026-04-03,20:06:14,-07:00,2026-04-03T20:06:14-07:00,4,63
resume/index.html,14,html,13d60d07,YadushanUCSD,2026-04-03,20:06:14,-07:00,2026-04-03T20:06:14-07:00,2,7
resume/index.html,15,html,13d60d07,YadushanUCSD,2026-04-03,20:06:14,-07:00,2026-04-03T20:06:14-07:00,0,0
resume/index.html,16,html,13d60d07,YadushanUCSD,2026-04-03,20:06:14,-07:00,2026-04-03T20:06:14-07:00,2,7
resume/index.html,17,html,13d60d07,YadushanUCSD,2026-04-03,20:06:14,-07:00,2026-04-03T20:06:14-07:00,4,23
resume/index.html,18,html,13d60d07,YadushanUCSD,2026-04-03,20:06:14,-07:00,2026-04-03T20:06:14-07:00,4,2
resume/index.html,19,html,13d60d07,YadushanUCSD,2026-04-03,20:06:14,-07:00,2026-04-03T20:06:14-07:00,4,2
resume/index.html,20,html,13d60d07,YadushanUCSD,2026-04-03,20:06:14,-07:00,2026-04-03T20:06:14-07:00,6,94
resume/index.html,21,html,13d60d07,YadushanUCSD,2026-04-03,20:06:14,-07:00,2026-04-03T20:06:14-07:00,6,85
resume/index.html,22,html,13d60d07,YadushanUCSD,2026-04-03,20:06:14,-07:00,2026-04-03T20:06:14-07:00,6,92
resume/index.html,23,html,13d60d07,YadushanUCSD,2026-04-03,20:06:14,-07:00,2026-04-03T20:06:14-07:00,6,113
resume/index.html,24,html,13d60d07,YadushanUCSD,2026-04-03,20:06:14,-07:00,2026-04-03T20:06:14-07:00,4,3
resume/index.html,25,html,13d60d07,YadushanUCSD,2026-04-03,20:06:14,-07:00,2026-04-03T20:06:14-07:00,2,8
resume/index.html,26,html,13d60d07,YadushanUCSD,2026-04-03,20:06:14,-07:00,2026-04-03T20:06:14-07:00,0,0
resume/index.html,27,html,13d60d07,YadushanUCSD,2026-04-03,20:06:14,-07:00,2026-04-03T20:06:14-07:00,2,7
resume/index.html,28,html,13d60d07,YadushanUCSD,2026-04-03,20:06:14,-07:00,2026-04-03T20:06:14-07:00,4,15
resume/index.html,29,html,13d60d07,YadushanUCSD,2026-04-03,20:06:14,-07:00,2026-04-03T20:06:14-07:00,4,2
resume/index.html,30,html,13d60d07,YadushanUCSD,2026-04-03,20:06:14,-07:00,2026-04-03T20:06:14-07:00,4,0
resume/index.html,31,html,13d60d07,YadushanUCSD,2026-04-03,20:06:14,-07:00,2026-04-03T20:06:14-07:00,4,60
resume/index.html,32,html,13d60d07,YadushanUCSD,2026-04-03,20:06:14,-07:00,2026-04-03T20:06:14-07:00,4,2
resume/index.html,33,html,13d60d07,YadushanUCSD,2026-04-03,20:06:14,-07:00,2026-04-03T20:06:14-07:00,6,149
resume/index.html,34,html,13d60d07,YadushanUCSD,2026-04-03,20:06:14,-07:00,2026-04-03T20:06:14-07:00,6,99
resume/index.html,35,html,13d60d07,YadushanUCSD,2026-04-03,20:06:14,-07:00,2026-04-03T20:06:14-07:00,4,3
resume/index.html,36,html,13d60d07,YadushanUCSD,2026-04-03,20:06:14,-07:00,2026-04-03T20:06:14-07:00,0,0
resume/index.html,37,html,13d60d07,YadushanUCSD,2026-04-03,20:06:14,-07:00,2026-04-03T20:06:14-07:00,4,53
resume/index.html,38,html,13d60d07,YadushanUCSD,2026-04-03,20:06:14,-07:00,2026-04-03T20:06:14-07:00,4,2
resume/index.html,39,html,13d60d07,YadushanUCSD,2026-04-03,20:06:14,-07:00,2026-04-03T20:06:14-07:00,6,88
resume/index.html,40,html,13d60d07,YadushanUCSD,2026-04-03,20:06:14,-07:00,2026-04-03T20:06:14-07:00,6,128
resume/index.html,41,html,13d60d07,YadushanUCSD,2026-04-03,20:06:14,-07:00,2026-04-03T20:06:14-07:00,4,3
resume/index.html,42,html,13d60d07,YadushanUCSD,2026-04-03,20:06:14,-07:00,2026-04-03T20:06:14-07:00,0,0
resume/index.html,43,html,13d60d07,YadushanUCSD,2026-04-03,20:06:14,-07:00,2026-04-03T20:06:14-07:00,4,61
resume/index.html,44,html,13d60d07,YadushanUCSD,2026-04-03,20:06:14,-07:00,2026-04-03T20:06:14-07:00,4,2
resume/index.html,45,html,13d60d07,YadushanUCSD,2026-04-03,20:06:14,-07:00,2026-04-03T20:06:14-07:00,6,126
resume/index.html,46,html,13d60d07,YadushanUCSD,2026-04-03,20:06:14,-07:00,2026-04-03T20:06:14-07:00,6,82
resume/index.html,47,html,13d60d07,YadushanUCSD,2026-04-03,20:06:14,-07:00,2026-04-03T20:06:14-07:00,4,3
resume/index.html,48,html,13d60d07,YadushanUCSD,2026-04-03,20:06:14,-07:00,2026-04-03T20:06:14-07:00,2,8
resume/index.html,49,html,13d60d07,YadushanUCSD,2026-04-03,20:06:14,-07:00,2026-04-03T20:06:14-07:00,0,0
resume/index.html,50,html,13d60d07,YadushanUCSD,2026-04-03,20:06:14,-07:00,2026-04-03T20:06:14-07:00,2,7
resume/index.html,51,html,13d60d07,YadushanUCSD,2026-04-03,20:06:14,-07:00,2026-04-03T20:06:14-07:00,4,28
resume/index.html,52,html,13d60d07,YadushanUCSD,2026-04-03,20:06:14,-07:00,2026-04-03T20:06:14-07:00,4,2
resume/index.html,53,html,13d60d07,YadushanUCSD,2026-04-03,20:06:14,-07:00,2026-04-03T20:06:14-07:00,0,0
resume/index.html,54,html,13d60d07,YadushanUCSD,2026-04-03,20:06:14,-07:00,2026-04-03T20:06:14-07:00,4,24
resume/index.html,55,html,13d60d07,YadushanUCSD,2026-04-03,20:06:14,-07:00,2026-04-03T20:06:14-07:00,4,37
resume/index.html,56,html,13d60d07,YadushanUCSD,2026-04-03,20:06:14,-07:00,2026-04-03T20:06:14-07:00,4,2
resume/index.html,57,html,13d60d07,YadushanUCSD,2026-04-03,20:06:14,-07:00,2026-04-03T20:06:14-07:00,6,126
resume/index.html,58,html,13d60d07,YadushanUCSD,2026-04-03,20:06:14,-07:00,2026-04-03T20:06:14-07:00,6,96
resume/index.html,59,html,13d60d07,YadushanUCSD,2026-04-03,20:06:14,-07:00,2026-04-03T20:06:14-07:00,4,3
resume/index.html,60,html,13d60d07,YadushanUCSD,2026-04-03,20:06:14,-07:00,2026-04-03T20:06:14-07:00,0,0
resume/index.html,61,html,13d60d07,YadushanUCSD,2026-04-03,20:06:14,-07:00,2026-04-03T20:06:14-07:00,4,44
resume/index.html,62,html,13d60d07,YadushanUCSD,2026-04-03,20:06:14,-07:00,2026-04-03T20:06:14-07:00,4,40
resume/index.html,63,html,13d60d07,YadushanUCSD,2026-04-03,20:06:14,-07:00,2026-04-03T20:06:14-07:00,4,2
resume/index.html,64,html,13d60d07,YadushanUCSD,2026-04-03,20:06:14,-07:00,2026-04-03T20:06:14-07:00,6,104
resume/index.html,65,html,13d60d07,YadushanUCSD,2026-04-03,20:06:14,-07:00,2026-04-03T20:06:14-07:00,6,81
resume/index.html,66,html,13d60d07,YadushanUCSD,2026-04-03,20:06:14,-07:00,2026-04-03T20:06:14-07:00,4,3
resume/index.html,67,html,13d60d07,YadushanUCSD,2026-04-03,20:06:14,-07:00,2026-04-03T20:06:14-07:00,0,0
resume/index.html,68,html,13d60d07,YadushanUCSD,2026-04-03,20:06:14,-07:00,2026-04-03T20:06:14-07:00,4,54
resume/index.html,69,html,13d60d07,YadushanUCSD,2026-04-03,20:06:14,-07:00,2026-04-03T20:06:14-07:00,4,36
resume/index.html,70,html,13d60d07,YadushanUCSD,2026-04-03,20:06:14,-07:00,2026-04-03T20:06:14-07:00,4,2
resume/index.html,71,html,13d60d07,YadushanUCSD,2026-04-03,20:06:14,-07:00,2026-04-03T20:06:14-07:00,6,112
resume/index.html,72,html,13d60d07,YadushanUCSD,2026-04-03,20:06:14,-07:00,2026-04-03T20:06:14-07:00,6,96
resume/index.html,73,html,13d60d07,YadushanUCSD,2026-04-03,20:06:14,-07:00,2026-04-03T20:06:14-07:00,4,3
resume/index.html,74,html,13d60d07,YadushanUCSD,2026-04-03,20:06:14,-07:00,2026-04-03T20:06:14-07:00,2,8
resume/index.html,75,html,13d60d07,YadushanUCSD,2026-04-03,20:06:14,-07:00,2026-04-03T20:06:14-07:00,0,0
resume/index.html,76,html,13d60d07,YadushanUCSD,2026-04-03,20:06:14,-07:00,2026-04-03T20:06:14-07:00,2,7
resume/index.html,77,html,13d60d07,YadushanUCSD,2026-04-03,20:06:14,-07:00,2026-04-03T20:06:14-07:00,4,32
resume/index.html,78,html,13d60d07,YadushanUCSD,2026-04-03,20:06:14,-07:00,2026-04-03T20:06:14-07:00,4,2
resume/index.html,79,html,13d60d07,YadushanUCSD,2026-04-03,20:06:14,-07:00,2026-04-03T20:06:14-07:00,4,128
resume/index.html,80,html,13d60d07,YadushanUCSD,2026-04-03,20:06:14,-07:00,2026-04-03T20:06:14-07:00,4,0
resume/index.html,81,html,13d60d07,YadushanUCSD,2026-04-03,20:06:14,-07:00,2026-04-03T20:06:14-07:00,4,34
resume/index.html,82,html,13d60d07,YadushanUCSD,2026-04-03,20:06:14,-07:00,2026-04-03T20:06:14-07:00,4,2
resume/index.html,83,html,13d60d07,YadushanUCSD,2026-04-03,20:06:14,-07:00,2026-04-03T20:06:14-07:00,6,98
resume/index.html,84,html,13d60d07,YadushanUCSD,2026-04-03,20:06:14,-07:00,2026-04-03T20:06:14-07:00,6,79
resume/index.html,85,html,13d60d07,YadushanUCSD,2026-04-03,20:06:14,-07:00,2026-04-03T20:06:14-07:00,6,30
resume/index.html,86,html,13d60d07,YadushanUCSD,2026-04-03,20:06:14,-07:00,2026-04-03T20:06:14-07:00,6,118
resume/index.html,87,html,13d60d07,YadushanUCSD,2026-04-03,20:06:14,-07:00,2026-04-03T20:06:14-07:00,4,3
resume/index.html,88,html,13d60d07,YadushanUCSD,2026-04-03,20:06:14,-07:00,2026-04-03T20:06:14-07:00,2,8
resume/index.html,89,html,13d60d07,YadushanUCSD,2026-04-03,20:06:14,-07:00,2026-04-03T20:06:14-07:00,0,0
resume/index.html,90,html,13d60d07,YadushanUCSD,2026-04-03,20:06:14,-07:00,2026-04-03T20:06:14-07:00,0,5
resume/index.html,91,html,13d60d07,YadushanUCSD,2026-04-03,20:06:14,-07:00,2026-04-03T20:06:14-07:00,0,5
projects/projects.js,1,js,224e3081,YadushanUCSD,2026-04-24,13:36:35,-07:00,2026-04-24T13:36:35-07:00,0,55
projects/projects.js,2,js,a9f4f8f9,YadushanUCSD,2026-05-01,21:28:04,-07:00,2026-05-01T21:28:04-07:00,0,63
projects/projects.js,3,js,224e3081,YadushanUCSD,2026-04-24,13:36:35,-07:00,2026-04-24T13:36:35-07:00,0,55
projects/projects.js,4,js,224e3081,YadushanUCSD,2026-04-24,13:36:35,-07:00,2026-04-24T13:36:35-07:00,0,60
projects/projects.js,5,js,224e3081,YadushanUCSD,2026-04-24,13:36:35,-07:00,2026-04-24T13:36:35-07:00,0,48
projects/projects.js,6,js,224e3081,YadushanUCSD,2026-04-24,13:36:35,-07:00,2026-04-24T13:36:35-07:00,0,61
projects/projects.js,7,js,224e3081,YadushanUCSD,2026-04-24,13:36:35,-07:00,2026-04-24T13:36:35-07:00,0,55
projects/projects.js,8,js,a9f4f8f9,YadushanUCSD,2026-05-01,21:28:04,-07:00,2026-05-01T21:28:04-07:00,0,47
projects/projects.js,9,js,a9f4f8f9,YadushanUCSD,2026-05-01,21:28:04,-07:00,2026-05-01T21:28:04-07:00,0,21
projects/projects.js,10,js,a9f4f8f9,YadushanUCSD,2026-05-01,21:28:04,-07:00,2026-05-01T21:28:04-07:00,0,38
projects/projects.js,11,js,a9f4f8f9,YadushanUCSD,2026-05-01,21:28:04,-07:00,2026-05-01T21:28:04-07:00,2,29
projects/projects.js,12,js,a9f4f8f9,YadushanUCSD,2026-05-01,21:28:04,-07:00,2026-05-01T21:28:04-07:00,3,12
projects/projects.js,13,js,a9f4f8f9,YadushanUCSD,2026-05-01,21:28:04,-07:00,2026-05-01T21:28:04-07:00,3,14
projects/projects.js,14,js,a9f4f8f9,YadushanUCSD,2026-05-01,21:28:04,-07:00,2026-05-01T21:28:04-07:00,3,12
projects/projects.js,15,js,a9f4f8f9,YadushanUCSD,2026-05-01,21:28:04,-07:00,2026-05-01T21:28:04-07:00,2,0
projects/projects.js,16,js,a9f4f8f9,YadushanUCSD,2026-05-01,21:28:04,-07:00,2026-05-01T21:28:04-07:00,2,50
projects/projects.js,17,js,a9f4f8f9,YadushanUCSD,2026-05-01,21:28:04,-07:00,2026-05-01T21:28:04-07:00,3,35
projects/projects.js,18,js,a9f4f8f9,YadushanUCSD,2026-05-01,21:28:04,-07:00,2026-05-01T21:28:04-07:00,2,1
projects/projects.js,19,js,a9f4f8f9,YadushanUCSD,2026-05-01,21:28:04,-07:00,2026-05-01T21:28:04-07:00,2,53
projects/projects.js,20,js,a9f4f8f9,YadushanUCSD,2026-05-01,21:28:04,-07:00,2026-05-01T21:28:04-07:00,2,42
projects/projects.js,21,js,a9f4f8f9,YadushanUCSD,2026-05-01,21:28:04,-07:00,2026-05-01T21:28:04-07:00,2,57
projects/projects.js,22,js,a9f4f8f9,YadushanUCSD,2026-05-01,21:28:04,-07:00,2026-05-01T21:28:04-07:00,2,51
projects/projects.js,23,js,a9f4f8f9,YadushanUCSD,2026-05-01,21:28:04,-07:00,2026-05-01T21:28:04-07:00,2,42
projects/projects.js,24,js,a9f4f8f9,YadushanUCSD,2026-05-01,21:28:04,-07:00,2026-05-01T21:28:04-07:00,2,44
projects/projects.js,25,js,a9f4f8f9,YadushanUCSD,2026-05-01,21:28:04,-07:00,2026-05-01T21:28:04-07:00,2,25
projects/projects.js,26,js,a9f4f8f9,YadushanUCSD,2026-05-01,21:28:04,-07:00,2026-05-01T21:28:04-07:00,3,47
projects/projects.js,27,js,a9f4f8f9,YadushanUCSD,2026-05-01,21:28:04,-07:00,2026-05-01T21:28:04-07:00,3,24
projects/projects.js,28,js,a9f4f8f9,YadushanUCSD,2026-05-01,21:28:04,-07:00,2026-05-01T21:28:04-07:00,3,25
projects/projects.js,29,js,a9f4f8f9,YadushanUCSD,2026-05-01,21:28:04,-07:00,2026-05-01T21:28:04-07:00,4,26
projects/projects.js,30,js,a9f4f8f9,YadushanUCSD,2026-05-01,21:28:04,-07:00,2026-05-01T21:28:04-07:00,3,6
projects/projects.js,31,js,a9f4f8f9,YadushanUCSD,2026-05-01,21:28:04,-07:00,2026-05-01T21:28:04-07:00,4,46
projects/projects.js,32,js,a9f4f8f9,YadushanUCSD,2026-05-01,21:28:04,-07:00,2026-05-01T21:28:04-07:00,4,64
projects/projects.js,33,js,a9f4f8f9,YadushanUCSD,2026-05-01,21:28:04,-07:00,2026-05-01T21:28:04-07:00,3,0
projects/projects.js,34,js,a9f4f8f9,YadushanUCSD,2026-05-01,21:28:04,-07:00,2026-05-01T21:28:04-07:00,3,56
projects/projects.js,35,js,a9f4f8f9,YadushanUCSD,2026-05-01,21:28:04,-07:00,2026-05-01T21:28:04-07:00,3,23
projects/projects.js,36,js,a9f4f8f9,YadushanUCSD,2026-05-01,21:28:04,-07:00,2026-05-01T21:28:04-07:00,2,0
projects/projects.js,37,js,a9f4f8f9,YadushanUCSD,2026-05-01,21:28:04,-07:00,2026-05-01T21:28:04-07:00,2,29
projects/projects.js,38,js,a9f4f8f9,YadushanUCSD,2026-05-01,21:28:04,-07:00,2026-05-01T21:28:04-07:00,3,14
projects/projects.js,39,js,a9f4f8f9,YadushanUCSD,2026-05-01,21:28:04,-07:00,2026-05-01T21:28:04-07:00,4,13
projects/projects.js,40,js,a9f4f8f9,YadushanUCSD,2026-05-01,21:28:04,-07:00,2026-05-01T21:28:04-07:00,4,13
projects/projects.js,41,js,a9f4f8f9,YadushanUCSD,2026-05-01,21:28:04,-07:00,2026-05-01T21:28:04-07:00,4,24
projects/projects.js,42,js,a9f4f8f9,YadushanUCSD,2026-05-01,21:28:04,-07:00,2026-05-01T21:28:04-07:00,4,53
projects/projects.js,43,js,a9f4f8f9,YadushanUCSD,2026-05-01,21:28:04,-07:00,2026-05-01T21:28:04-07:00,4,35
projects/projects.js,44,js,a9f4f8f9,YadushanUCSD,2026-05-01,21:28:04,-07:00,2026-05-01T21:28:04-07:00,2,1
projects/projects.js,45,js,a9f4f8f9,YadushanUCSD,2026-05-01,21:28:04,-07:00,2026-05-01T21:28:04-07:00,2,32
projects/projects.js,46,js,a9f4f8f9,YadushanUCSD,2026-05-01,21:28:04,-07:00,2026-05-01T21:28:04-07:00,2,27
projects/projects.js,47,js,a9f4f8f9,YadushanUCSD,2026-05-01,21:28:04,-07:00,2026-05-01T21:28:04-07:00,3,4
projects/projects.js,48,js,a9f4f8f9,YadushanUCSD,2026-05-01,21:28:04,-07:00,2026-05-01T21:28:04-07:00,4,11
projects/projects.js,49,js,a9f4f8f9,YadushanUCSD,2026-05-01,21:28:04,-07:00,2026-05-01T21:28:04-07:00,4,76
projects/projects.js,50,js,a9f4f8f9,YadushanUCSD,2026-05-01,21:28:04,-07:00,2026-05-01T21:28:04-07:00,4,38
projects/projects.js,51,js,a9f4f8f9,YadushanUCSD,2026-05-01,21:28:04,-07:00,2026-05-01T21:28:04-07:00,4,68
projects/projects.js,52,js,a9f4f8f9,YadushanUCSD,2026-05-01,21:28:04,-07:00,2026-05-01T21:28:04-07:00,4,35
projects/projects.js,53,js,a9f4f8f9,YadushanUCSD,2026-05-01,21:28:04,-07:00,2026-05-01T21:28:04-07:00,2,1
projects/projects.js,54,js,a9f4f8f9,YadushanUCSD,2026-05-01,21:28:04,-07:00,2026-05-01T21:28:04-07:00,1,0
projects/projects.js,55,js,a9f4f8f9,YadushanUCSD,2026-05-01,21:28:04,-07:00,2026-05-01T21:28:04-07:00,0,23
projects/projects.js,56,js,a9f4f8f9,YadushanUCSD,2026-05-01,21:28:04,-07:00,2026-05-01T21:28:04-07:00,0,13
projects/projects.js,57,js,a9f4f8f9,YadushanUCSD,2026-05-01,21:28:04,-07:00,2026-05-01T21:28:04-07:00,0,53
projects/projects.js,58,js,a9f4f8f9,YadushanUCSD,2026-05-01,21:28:04,-07:00,2026-05-01T21:28:04-07:00,0,48
projects/projects.js,59,js,a9f4f8f9,YadushanUCSD,2026-05-01,21:28:04,-07:00,2026-05-01T21:28:04-07:00,1,25
projects/projects.js,60,js,a9f4f8f9,YadushanUCSD,2026-05-01,21:28:04,-07:00,2026-05-01T21:28:04-07:00,1,51
projects/projects.js,61,js,a9f4f8f9,YadushanUCSD,2026-05-01,21:28:04,-07:00,2026-05-01T21:28:04-07:00,2,59
projects/projects.js,62,js,a9f4f8f9,YadushanUCSD,2026-05-01,21:28:04,-07:00,2026-05-01T21:28:04-07:00,2,42
projects/projects.js,63,js,a9f4f8f9,YadushanUCSD,2026-05-01,21:28:04,-07:00,2026-05-01T21:28:04-07:00,1,1
projects/projects.js,64,js,a9f4f8f9,YadushanUCSD,2026-05-01,21:28:04,-07:00,2026-05-01T21:28:04-07:00,1,56
projects/projects.js,65,js,a9f4f8f9,YadushanUCSD,2026-05-01,21:28:04,-07:00,2026-05-01T21:28:04-07:00,1,31
projects/projects.js,66,js,a9f4f8f9,YadushanUCSD,2026-05-01,21:28:04,-07:00,2026-05-01T21:28:04-07:00,1,63
projects/projects.js,67,js,a9f4f8f9,YadushanUCSD,2026-05-01,21:28:04,-07:00,2026-05-01T21:28:04-07:00,0,1
projects/index.html,1,html,7a34d341,YadushanUCSD,2026-04-03,13:12:04,-07:00,2026-04-03T13:12:04-07:00,0,13
projects/index.html,2,html,7a34d341,YadushanUCSD,2026-04-03,13:12:04,-07:00,2026-04-03T13:12:04-07:00,0,14
projects/index.html,3,html,7a34d341,YadushanUCSD,2026-04-03,13:12:04,-07:00,2026-04-03T13:12:04-07:00,0,4
projects/index.html,4,html,7a34d341,YadushanUCSD,2026-04-03,13:12:04,-07:00,2026-04-03T13:12:04-07:00,2,20
projects/index.html,5,html,7a34d341,YadushanUCSD,2026-04-03,13:12:04,-07:00,2026-04-03T13:12:04-07:00,2,68
projects/index.html,6,html,7a34d341,YadushanUCSD,2026-04-03,13:12:04,-07:00,2026-04-03T13:12:04-07:00,2,21
projects/index.html,7,html,013df9d9,YadushanUCSD,2026-04-10,17:57:19,-07:00,2026-04-10T17:57:19-07:00,2,41
projects/index.html,8,html,85025111,YadushanUCSD,2026-04-17,15:42:30,-07:00,2026-04-17T15:42:30-07:00,2,48
projects/index.html,9,html,224e3081,YadushanUCSD,2026-04-24,13:36:35,-07:00,2026-04-24T13:36:35-07:00,2,47
projects/index.html,10,html,7a34d341,YadushanUCSD,2026-04-03,13:12:04,-07:00,2026-04-03T13:12:04-07:00,0,5
projects/index.html,11,html,7a34d341,YadushanUCSD,2026-04-03,13:12:04,-07:00,2026-04-03T13:12:04-07:00,0,4
projects/index.html,12,html,224e3081,YadushanUCSD,2026-04-24,13:36:35,-07:00,2026-04-24T13:36:35-07:00,2,38
projects/index.html,13,html,a9f4f8f9,YadushanUCSD,2026-05-01,21:28:04,-07:00,2026-05-01T21:28:04-07:00,2,54
projects/index.html,14,html,a9f4f8f9,YadushanUCSD,2026-05-01,21:28:04,-07:00,2026-05-01T21:28:04-07:00,2,22
projects/index.html,15,html,a9f4f8f9,YadushanUCSD,2026-05-01,21:28:04,-07:00,2026-05-01T21:28:04-07:00,2,4
projects/index.html,16,html,a9f4f8f9,YadushanUCSD,2026-05-01,21:28:04,-07:00,2026-05-01T21:28:04-07:00,4,15
projects/index.html,17,html,a9f4f8f9,YadushanUCSD,2026-05-01,21:28:04,-07:00,2026-05-01T21:28:04-07:00,4,11
projects/index.html,18,html,a9f4f8f9,YadushanUCSD,2026-05-01,21:28:04,-07:00,2026-05-01T21:28:04-07:00,4,26
projects/index.html,19,html,a9f4f8f9,YadushanUCSD,2026-05-01,21:28:04,-07:00,2026-05-01T21:28:04-07:00,4,31
projects/index.html,20,html,a9f4f8f9,YadushanUCSD,2026-05-01,21:28:04,-07:00,2026-05-01T21:28:04-07:00,4,0
projects/index.html,21,html,439501b1,YadushanUCSD,2026-04-10,19:34:35,-07:00,2026-04-10T19:34:35-07:00,2,20
projects/index.html,22,html,224e3081,YadushanUCSD,2026-04-24,13:36:35,-07:00,2026-04-24T13:36:35-07:00,0,0
projects/index.html,23,html,439501b1,YadushanUCSD,2026-04-10,19:34:35,-07:00,2026-04-10T19:34:35-07:00,2,4
projects/index.html,24,html,a9f4f8f9,YadushanUCSD,2026-05-01,21:28:04,-07:00,2026-05-01T21:28:04-07:00,2,0
projects/index.html,25,html,7a34d341,YadushanUCSD,2026-04-03,13:12:04,-07:00,2026-04-03T13:12:04-07:00,0,5
projects/index.html,26,html,7a34d341,YadushanUCSD,2026-04-03,13:12:04,-07:00,2026-04-03T13:12:04-07:00,0,5
contact/index.html,1,html,7a34d341,YadushanUCSD,2026-04-03,13:12:04,-07:00,2026-04-03T13:12:04-07:00,0,13
contact/index.html,2,html,7a34d341,YadushanUCSD,2026-04-03,13:12:04,-07:00,2026-04-03T13:12:04-07:00,0,14
contact/index.html,3,html,7a34d341,YadushanUCSD,2026-04-03,13:12:04,-07:00,2026-04-03T13:12:04-07:00,0,4
contact/index.html,4,html,7a34d341,YadushanUCSD,2026-04-03,13:12:04,-07:00,2026-04-03T13:12:04-07:00,2,20
contact/index.html,5,html,7a34d341,YadushanUCSD,2026-04-03,13:12:04,-07:00,2026-04-03T13:12:04-07:00,2,68
contact/index.html,6,html,7a34d341,YadushanUCSD,2026-04-03,13:12:04,-07:00,2026-04-03T13:12:04-07:00,2,20
contact/index.html,7,html,013df9d9,YadushanUCSD,2026-04-10,17:57:19,-07:00,2026-04-10T17:57:19-07:00,2,41
contact/index.html,8,html,85025111,YadushanUCSD,2026-04-17,15:42:30,-07:00,2026-04-17T15:42:30-07:00,2,48
contact/index.html,9,html,7a34d341,YadushanUCSD,2026-04-03,13:12:04,-07:00,2026-04-03T13:12:04-07:00,0,5
contact/index.html,10,html,7a34d341,YadushanUCSD,2026-04-03,13:12:04,-07:00,2026-04-03T13:12:04-07:00,0,4
contact/index.html,11,html,7a34d341,YadushanUCSD,2026-04-03,13:12:04,-07:00,2026-04-03T13:12:04-07:00,2,16
contact/index.html,12,html,0966f595,YadushanUCSD,2026-04-03,16:51:24,-07:00,2026-04-03T16:51:24-07:00,3,73
contact/index.html,13,html,0966f595,YadushanUCSD,2026-04-03,16:51:24,-07:00,2026-04-03T16:51:24-07:00,4,31
contact/index.html,14,html,0966f595,YadushanUCSD,2026-04-03,16:51:24,-07:00,2026-04-03T16:51:24-07:00,4,42
contact/index.html,15,html,0966f595,YadushanUCSD,2026-04-03,16:51:24,-07:00,2026-04-03T16:51:24-07:00,4,35
contact/index.html,16,html,0966f595,YadushanUCSD,2026-04-03,16:51:24,-07:00,2026-04-03T16:51:24-07:00,4,45
contact/index.html,17,html,0966f595,YadushanUCSD,2026-04-03,16:51:24,-07:00,2026-04-03T16:51:24-07:00,4,32
contact/index.html,18,html,0966f595,YadushanUCSD,2026-04-03,16:51:24,-07:00,2026-04-03T16:51:24-07:00,4,46
contact/index.html,19,html,0966f595,YadushanUCSD,2026-04-03,16:51:24,-07:00,2026-04-03T16:51:24-07:00,4,35
contact/index.html,20,html,0966f595,YadushanUCSD,2026-04-03,16:51:24,-07:00,2026-04-03T16:51:24-07:00,3,5
contact/index.html,21,html,0966f595,YadushanUCSD,2026-04-03,16:51:24,-07:00,2026-04-03T16:51:24-07:00,3,0
contact/index.html,22,html,7a34d341,YadushanUCSD,2026-04-03,13:12:04,-07:00,2026-04-03T13:12:04-07:00,0,5
contact/index.html,23,html,7a34d341,YadushanUCSD,2026-04-03,13:12:04,-07:00,2026-04-03T13:12:04-07:00,0,5
